{
"apiVersion": "V2",
"assemblies": [
{
  "files": [
    {
      "filePath": "data_summary.tsv",
      "fileType": "DATA_TABLE",
      "uncompressedLengthBytes": "541"
    },
    {
      "filePath": "assembly_data_report.jsonl",
      "fileType": "DATA_REPORT",
      "uncompressedLengthBytes": "9368"
    }
  ]
},{
  "accession": "GCA_000428885.1",
  "files": [
    {
      "filePath": "GCA_000428885.1/GCA_000428885.1_ASM42888v1_genomic.fna",
      "fileType": "GENOMIC_NUCLEOTIDE_FASTA",
      "uncompressedLengthBytes": "3334803"
    }
  ]
},{
  "accession": "GCF_000428885.1",
  "files": [
    {
      "filePath": "GCF_000428885.1/GCF_000428885.1_ASM42888v1_genomic.fna",
      "fileType": "GENOMIC_NUCLEOTIDE_FASTA",
      "uncompressedLengthBytes": "3334843"
    }
  ]
}]}
